{
  "mae_total": 0.02136465534567833,
  "mae_x": 0.015586620196700096,
  "mae_y": 0.02498619444668293,
  "mae_z": 0.023521151393651962,
  "pixel_error": 5.127517223358154
}